Publication,Owner,Local Authority District,Type of owner,Frequency,Cost,Website,Twitter handle,Title,,,
Aintree & Maghull Champion,Waypride Ltd,Sefton,Legacy,,,,,Aintree & Maghull Champion,,,Closed
Allanwater Herald,Newsquest PLC,Fife,Legacy,weekly,free,http://www.allanwaterherald.co.uk/,,Allanwater Herald,,,Closed
Alton Gazette,Tindle Newspapers Ltd,East Hampshire,Legacy,weekly,free,http://www.altonpostgazette.co.uk/,,Alton Gazette,,,Closed
Amersham Examiner,Reach PLC,Hillingdon,Legacy,weekly,paid,http://www.getbucks.co.uk/,BucksLiveNews,Amersham Examiner,,,Closed
Anfield & Walton Champion,Waypride Ltd,Sefton,Legacy,weekly,free,http://www.champnews.com/,,Anfield & Walton Champion,,,Closed
Anfield & Walton Star,Reach PLC,Liverpool,Legacy,weekly,free,http://www.liverpoolecho.co.uk/,LivEchonews,Anfield & Walton Star,,,Closed
Banbury Cake,Newsquest PLC,Oxford,Legacy,weekly,free,http://www.banburycake.net,theoxfordmail,Banbury Cake,,,Closed
Cannock Mercury,Reach PLC,Tamworth,Legacy,weekly,free,http://www.cannockmercury.co.uk/,birmingham_live,Cannock Mercury,,,Closed
Carrick Post,Reach PLC,South Ayrshire,Legacy,weekly,paid,http://www.dailyrecord.co.uk/all-about/ayr,Daily_Record,Carrick Post,,,Closed
Coastal Scene,Newsquest PLC,Camden,Legacy,weekly,free,http://www.coastalscene24.co.uk/home,,Coastal Scene,,,Closed
Consett & Stanley Advertiser,Newsquest PLC,Darlington,Legacy,weekly,free,http://www.thisisthenortheast.co.uk/the_north_east/consett/news/index.html,TheNorthernEcho,Consett & Stanley Advertiser,,,Closed
Crewe Guardian,Newsquest PLC,Cheshire West and Chester,Legacy,weekly,free,http://www.creweguardian.co.uk,NorthwichNews,Crewe Guardian,,,Closed
Crosby & Bootle Star,Reach PLC,Liverpool,Legacy,weekly,free,http://www.liverpoolecho.co.uk/all-about/crosby,LivEchonews,Crosby & Bootle Star,,,Closed
Crosby & Litherland Champion,Waypride Ltd,Sefton,Legacy,weekly,free,http://www.champnews.com/,,Crosby & Litherland Champion,,,Closed
"Darlington, Aycliffe & Sedgefield Advertiser",Newsquest PLC,Darlington,Legacy,weekly,free,http://www.darlingtonaycliffesedgefieldadvertiser.co.uk/,TheNorthernEcho,"Darlington, Aycliffe & Sedgefield Advertiser",,,Closed
East Lindsey Target,Reach PLC,East Lindsey,Legacy,weekly,free,http://www.eastlindseytarget.co.uk/,LincsLive,East Lindsey Target,,,Closed
Great Yarmouth Advertiser,Newsquest PLC,Ipswich,Legacy,weekly,free,/tag/great-yarmouth-advertiser/,fakenhamtimes,Great Yarmouth Advertiser,,,Closed
Guide & Gazette ,National World,Angus,Legacy,weekly,paid,http://www.guideandgazette.co.uk/,anguscpress,Guide & Gazette,,,Closed
Harleston Mercury,Newsquest PLC,Ipswich,Legacy,weekly,free,http://www.dissmercury.co.uk/home,derehamtimes,Harleston Mercury,,,Closed
Ormskirk & West Lancashire Champion,Waypride Ltd,Sefton,Legacy,weekly,free,http://www.champnews.com/,,Ormskirk & West Lancashire Champion,,,Closed
Pinner Observer,Reach PLC,Hillingdon,Legacy,weekly,paid,http://www.getwestlondon.co.uk/all-about/harrow,myldn,Pinner Observer,,,Closed
South Lakes Citizen,Newsquest PLC,South Lakeland,Legacy,weekly,free,http://www.thewestmorlandgazette.co.uk/,gazettenewsdesk,South Lakes Citizen,,,Closed
Southport Champion,Waypride Ltd,Sefton,Legacy,weekly,free,http://www.champnews.com,,Southport Champion,,,Closed
Springburn Herald,National World,East Dunbartonshire,Legacy,weekly,paid,http://www.kirkintilloch-herald.co.uk/,GlasgowWorldUK,Springburn Herald,,,Closed
Surrey & Hants Star Courier,Reach PLC,Guildford,Legacy,weekly,free,http://www.gethampshire.co.uk/,SurreyLive,Surrey & Hants Star Courier,,,Closed
The Citizen ,Newsquest PLC,Blackburn with Darwen,Legacy,weekly,free,http://www.lancashiretelegraph.co.uk/news/blackburn/,lancstelegraph,The Citizen,,,Closed
The Leader - Coleraine,Alpha Newspaper Group,Derry City and Strabane,Legacy,weekly,paid,http://www.theleader.uk.com/,,The Leader - Coleraine,,,Closed
Tottenham & Wood Green Journal,Newsquest PLC,Stevenage,Legacy,online,free,http://www.tottenhamjournal.co.uk/home,hackneygazette,Tottenham & Wood Green Journal,,,Closed
Weekly News ,National World,Leeds,Legacy,weekly,free,http://www.yorkshireeveningpost.co.uk/,LeedsNews,Weekly News,,,Closed
Wigan Courier,Standish Media Services Ltd,Wigan,Legacy,weekly,free,http://www.standishmedia.co.uk/pages/newspapers.html,,Wigan Courier,,,Closed
Winchmore Hill Advertiser & Herald,Tindle Newspapers Ltd,Enfield,Legacy,weekly,free,http://www.enfield-today.co.uk/,basildonya,Winchmore Hill Advertiser & Herald,,,Closed
Wood & Vale,Newsquest PLC,East Suffolk,Legacy,weekly,free,http://www.hamhigh.co.uk/home,hackneygazette,Wood & Vale,,,Closed
Woodford Recorder,Newsquest PLC,Welwyn Hatfield,Legacy,weekly,free,http://www.ilfordrecorder.co.uk/home,huntspost,Woodford Recorder,,,Closed
Kirkby Star,Reach PLC,Liverpool,Legacy,weekly,free,http://www.liverpoolecho.co.uk/,LivEchonews,Kirkby Star,,,Closed
Maghall & Aintree Star,Reach PLC,Liverpool,Legacy,weekly,free,http://www.liverpoolecho.co.uk/all-about/maghull,LivEchonews,Maghall & Aintree Star,,,Closed
Bellshill Speaker,National World,North Lanarkshire,Legacy,weekly,paid,http://www.bellshilltoday.co.uk,GlasgowWorldUK,Bellshill Speaker,,,Closed 
Berwickshire News East Lothian Herald,National World,Northumberland,Legacy,weekly,paid,http://www.berwickshirenews.co.uk/,Sreporter,Berwickshire News East Lothian Herald,,,Closed 
Biggin Hill News,Tindle Newspapers Ltd,Sevenoaks,Legacy,weekly,free,http://www.biggin-hill-today.co.uk/IT/smalltopframe.cfm,,Biggin Hill News,,,Closed 
Barrow Advertiser,Newsquest PLC,Barrow-in-Furness,Legacy,weekly,free,http://www.cngroup.co.uk/advertiser.php,,Barrow Advertiser,,,Closed / rolled into The Mail in South Cumbria?
Ashford Herald,Reach PLC,Folkestone and Hythe,Legacy,,,,,Ashford Herald,,,Closed?
Bangor Mail,Reach PLC,Gwynedd,Legacy,weekly,paid,http://www.dailypost.co.uk/all-about/bangor,northwaleslive,Bangor Mail,,,Closed?
Cambridge News & Crier,Reach PLC,South Cambridgeshire,Legacy,weekly,free,http://www.cambridge-news.co.uk/,CambsLive,Cambridge News & Crier,,,Closed?
Chard Weekender,Tindle Newspapers Ltd,Dorset,Legacy,weekly,paid,http://www.viewfrompublishing.co.uk/news/1/17,,Chard Weekender,,,Closed?
Fife & Kinross Extra,Newsquest PLC,Fife,Legacy,weekly,free,http://www.dunfermlinepress.com/,dunfermlinep,Fife & Kinross Extra,,,Closed?
Harefield Gazette,Reach PLC,Guildford,Legacy,weekly,paid,http://www.getwestlondon.co.uk/all-about/harefield,myldn,Harefield Gazette,,,Closed?
Kensington News,Tindle Newspapers Ltd,Bromley,Legacy,weekly,free,http://www.londonweeklynews.co.uk/news/westminsterPimlico/,,Kensington News,,,Closed?
Launceston & Bude Journal Gazette,Tindle Newspapers Ltd,Cornwall,Legacy,weekly,free,http://www.launceston-today.co.uk/,ThePostSeries,Launceston & Bude Journal Gazette,,,Closed?
Lisburn Echo,National World,Lisburn and Castlereagh,Legacy,weekly,free,http://www.lisburntoday.co.uk/,nirelandworld,Lisburn Echo,,,Closed?
Newbury & Thatcham Advertiser,Iliffe Media,West Berkshire,Legacy,weekly,free,http://www.newburytoday.co.uk/,newburytoday,Newbury & Thatcham Advertiser,,,Closed?
Skelmersdale Advertiser,Reach PLC,Sefton,Legacy,weekly,paid,http://www.southportvisiter.co.uk/news/local-news/,LivEchonews,Skelmersdale Advertiser,,,Closed?
Somerset Guardian,Reach PLC,Bath and North East Somerset,Legacy,weekly,paid,http://www.thisissomerset.co.uk/,somersetlive,Somerset Guardian,,,Closed?
Stockton & Billingham Herald & Post,Reach PLC,Middlesbrough,Legacy,weekly,free,http://www.gazettelive.co.uk/herald-and-post-stockton-and-billingham/,,Stockton & Billingham Herald & Post,,,Closed?
Thurrock Enquirer,Gateway Newspapers Ltd,Basildon,Legacy,weekly,free,http://www.theenquirer.co.uk/,,Thurrock Enquirer,,,Closed?
Warrington Live,Presumed independent,Warrington,Independent,,,,,Warrington Live,,,Closed?
Waveney & District Advertiser,Newsquest PLC,East Suffolk,Legacy,weekly,free,http://www.waveneyadvertiser24.co.uk/home,,Waveney & District Advertiser,,,Closed?
Alfreton Chad,National World,Mansfield,Legacy,weekly,paid,http://www.chad.co.uk/news/local/alfreton,,Alfreton Chad,,,IPL
Airdrie & Coatbridge Advertiser,Reach PLC,North Lanarkshire,Legacy,weekly,paid,http://iclanarkshire.icnetwork.co.uk/acadvertiser,Daily_Record,Airdrie & Coatbridge Advertiser,,,IPL
Abingdon Herald,Newsquest PLC,Oxford,Legacy,weekly,paid,http://www.abingdonherald.co.uk,,Abingdon Herald,,,IPL
Abergavenny Chronicle,Tindle Newspapers Ltd,Monmouthshire,Legacy,weekly,paid,/tag/abergavenny-chronicle/,aberchronicle,Abergavenny Chronicle,,,IPL
Buckkinghamshire Live,Presumed independent,Tower Hamlets,Independent,,,,,Buckkinghamshire Live,,,IPL
Burnley Express ,National World,Burnley,Legacy,weekly,paid,http://www.burnleyexpress.net/,burnleyexpress,Burnley Express,,,IPL
Cheddar Valley Gazette,Reach PLC,Mendip,Legacy,weekly,paid,http://www.cheddarvalleygazette.co.uk/,somersetlive,Cheddar Valley Gazette,,,IPL
Chronicle Week ,Midland News Association,Wolverhampton,Legacy,,,,,Chronicle Week,,,IPL
Daily Post - Conwy,Reach PLC,Conwy,Legacy,daily,paid,http://www.dailypost.co.uk/,northwaleslive,Daily Post - Conwy,,,IPL
Dumfries & Galloway Standard,Reach PLC,Dumfries and Galloway,Legacy,weekly,paid,http://icdumfries.icnetwork.co.uk/dumfriesgalloway,Daily_Record,Dumfries & Galloway Standard,,,IPL
Ellon Advertiser,Iliffe Media,Aberdeenshire,Legacy,weekly,paid,http://www.wpeters.co.uk/newspaper.html,,Ellon Advertiser,,,IPL
Exmouth Journal ,Newsquest PLC,Great Yarmouth,Legacy,weekly,paid,http://www.exmouthjournal.co.uk/home,exmouthjournal,Exmouth Journal,,,IPL
Falmouth & Penryn Packet,Newsquest PLC,Cornwall,Legacy,weekly,paid,http://www.falmouthpacket.co.uk/news/fpfalmouth/,ThePacket,Falmouth & Penryn Packet,,,IPL
Fleetwood Weekly News,National World,Fylde,Legacy,weekly,paid,http://www.fleetwoodtoday.co.uk,the_gazette,Fleetwood Weekly News,,,IPL
Free Press of Monmouth,Newsquest PLC,Newport,Legacy,weekly,paid,http://www.freepressseries.co.uk/,,Free Press of Monmouth,,,IPL
Frome Standard,Reach PLC,Bath and North East Somerset,Legacy,weekly,paid,http://www.fromestandard.co.uk/,somersetlive,Frome Standard,,,IPL
Gravesend & Dartford Messenger Extra,Iliffe Media,Gravesham,Legacy,weekly,free,http://www.kentonline.co.uk/gravesend/,KMGravesend,Gravesend & Dartford Messenger Extra,,,IPL
Greater Govanhill CIC,Presumed independent,Glasgow City,Independent,,,https://www.greatergovanhill.com,govanhill_mag,Greater Govanhill CIC,,,IPL
Guildford Dragon News,Presumed independent,Guildford,Independent,,,https://www.guildford-dragon.com,guildforddragon,Guildford Dragon News,,,IPL
Ham & High Express,Newsquest PLC,Ipswich,Legacy,weekly,paid,http://www.hamhigh.co.uk/home,hackneygazette,Ham & High Express,,,IPL
Harwich Standard,Newsquest PLC,Tendring,Legacy,weekly,paid,http://www.harwichandmanningtreestandard.co.uk/,,Harwich Standard,,,IPL
Hastings Independent Press,Presumed independent,Hastings,Independent,,,https://www.hastingsindependentpress.co.uk,,Hastings Independent Press,,,IPL
Hendon & Finchley Press,Tindle Newspapers Ltd,Barnet,Legacy,weekly,free,http://www.hendon-today.co.uk/,basildonya,Hendon & Finchley Press,,,IPL
Hendon & Finchley Times,Newsquest PLC,Watford,Legacy,weekly,free,http://www.times-series.co.uk/news/,Times_Series,Hendon & Finchley Times,,,IPL
Herald & Post ,National World,Luton,Legacy,weekly,free,http://www.dunstabletoday.co.uk/,lutonnews,Herald & Post,,,IPL
Herts Advertiser ,Newsquest PLC,Mid Suffolk,Legacy,weekly,paid,http://www.hertsad.co.uk/home,hertsad,Herts Advertiser,,,IPL
HI HUB,Presumed independent,Cambridge; South Cambridgeshire,Independent,,,https://www.hihub.info,HIHUBInfo1,HI HUB,,,IPL
Hitchin Comet,Newsquest PLC,North Norfolk,Legacy,weekly,free,http://www.thecomet.net/news/hitchin,,Hitchin Comet,,,IPL
Holderness Gazette,Holderness Newspaper Limited,East Riding of Yorkshire,Legacy,weekly,paid,http://www.holderness-gazette.co.uk/,HoldernessNews,Holderness Gazette,,,IPL
Hounslow Chronicle,Reach PLC,Guildford,Legacy,weekly,free,http://www.getwestlondon.co.uk/all-about/hounslow,myldn,Hounslow Chronicle,,,IPL
Huddersfield Daily Examiner,Reach PLC,Kirklees,Legacy,daily,paid,/tag/huddersfield-daily-examiner/,yorkshirelive,Huddersfield Daily Examiner,,,IPL
Kent & Sussex Courier ,Reach PLC,Tunbridge Wells,Legacy,weekly,paid,http://www.courier.co.uk/,kentlivenews,Kent & Sussex Courier,,,IPL
Kentish Express ,Iliffe Media,Ashford,Legacy,weekly,paid,http://www.kentonline.co.uk/ashford/,KentishExpress,Kentish Express,,,IPL
Kentish Gazette,Iliffe Media,Canterbury,Legacy,weekly,paid,/tag/kentish-gazette/,KentishGazette,Kentish Gazette,,,IPL
Lanark Gazette,National World,South Lanarkshire,Legacy,weekly,paid,http://www.lanarktoday.co.uk,GlasgowWorldUK,Lanark Gazette,,,IPL
Lewisham & Catford News Shopper,Newsquest PLC,Bromley,Legacy,weekly,free,http://www.newsshopper.co.uk/news/lewisham/,newsshopper,Lewisham & Catford News Shopper,,,IPL
Lewisham Mercury,Tindle Newspapers Ltd,Lambeth,Legacy,weekly,paid,http://www.mercury-today.co.uk/,,Lewisham Mercury,,,IPL
Local Voice Network,Presumed independent,"Bristol, City of",Independent,,,https://www.localvoicenetwork.co.uk,filtonvoice,Local Voice Network,,,IPL
London Se1,Presumed independent,Southwark,Independent,,,https://www.london-se1.co.uk,se1,London Se1,,,IPL
Lutterworth Observer,Bullivant Media Ltd,Warwick,Legacy,weekly,free,https://rugbyobserver.co.uk/news/,RugbyObserver,Lutterworth Observer,,,IPL
LymeOnline Extra,Independent,Dorset,Legacy,,,,,LymeOnline Extra,,,IPL
Mablethorpe & Sutton Leader,National World,East Lindsey,Legacy,weekly,paid,http://www.louthleader.co.uk/,LincsWorld,Mablethorpe & Sutton Leader,,,IPL
Maidstone & Medway News,Reach PLC,Folkestone and Hythe,Legacy,online,free,http://www.maidstoneandmedwaynews.co.uk/,kentlivenews,Maidstone & Medway News,,,IPL
Manchester Evening News Wigan,Presumed independent,Wigan; Bolton,Independent,Daily,,,,Manchester Evening News Wigan,,,IPL
Manchester Weekly News,Reach PLC,Oldham,Legacy,weekly,free,http://www.manchestereveningnews.co.uk/,MENNewsdesk,Manchester Weekly News,,,IPL
Manningtree Standard,Newsquest PLC,Tendring,Legacy,weekly,paid,http://www.harwichandmanningtreestandard.co.uk/,,Manningtree Standard,,,IPL
Mid Beds Times & Citizen,National World,Bedford,Legacy,weekly,free,http://www.bedfordtoday.co.uk/news/local/mid-beds,BedfordTC,Mid Beds Times & Citizen,,,IPL
Mid-Devon Advertiser ,Tindle Newspapers Ltd,Teignbridge,Legacy,weekly,paid,http://www.newton-abbot-today.co.uk/,mdaupdates,Mid-Devon Advertiser,,,IPL
Mid-Ulster Mail,National World,Mid Ulster,Legacy,weekly,paid,http://www.midulstermail.co.uk/,nirelandworld,Mid-Ulster Mail,,,IPL
Mid-Ulster Mail ,National World,Mid Ulster,Legacy,weekly,paid,http://www.midulstermail.co.uk/,nirelandworld,Mid-Ulster Mail,,,IPL
Middlesbrough Herald & Post,Reach PLC,Middlesbrough,Legacy,weekly,free,http://www.gazettelive.co.uk/herald-and-post-middlesbrough/,,Middlesbrough Herald & Post,,,IPL
Middleton & North Manchester Guardian,Reach PLC,Oldham,Legacy,weekly,paid,http://www.manchestereveningnews.co.uk/all-about/middleton,MENNewsdesk,Middleton & North Manchester Guardian,,,IPL
"Midsomer Norton, Radstock and District Journal",Tindle Newspapers Ltd,Bath and North East Somerset,Legacy,weekly,free,http://www.mnrjournal.co.uk,mnrjournal,"Midsomer Norton, Radstock and District Journal",,,IPL
Midweek Observer,Newsquest PLC,Reading,Legacy,weekly,free,http://www.sloughobserver.co.uk/,sloughobserver,Midweek Observer,,,IPL
Nantwich Chronicle,Reach PLC,Cheshire West and Chester,Legacy,weekly,paid,http://www.crewechronicle.co.uk/,CheshireLive,Nantwich Chronicle,,,IPL
Newcastle upon Tyne Sunday Sun,Reach PLC,Newcastle upon Tyne,Legacy,weekly,paid,http://www.chroniclelive.co.uk/all-about/sunday-sun,ChronicleLive,Newcastle upon Tyne Sunday Sun,,,IPL
News Journal,Presumed independent,Mansfield,Independent,,,https://www.news-journal.co.uk,MansAshNews,News Journal,,,IPL
NN Journal,Presumed independent,West Northamptonshire,Independent,,,https://www.nnjournal.co.uk,,NN Journal,,,IPL
Nottingham Post Lite,Reach PLC,Nottingham,Legacy,weekly,free,http://www.nottinghampost.com/,nottslive,Nottingham Post Lite,,,IPL
"Nub News, Kingston upon Thames",Presumed independent,Richmond upon Thames; Kingston upon Thames,Independent,,,,,"Nub News, Kingston upon Thames",,,IPL
"Nub News, Twickenham",Presumed independent,Hounslow; Richmond upon Thames,Independent,,,,,"Nub News, Twickenham",,,IPL
Pontypridd & Llantrisant Observer,Reach PLC,Cardiff,Legacy,weekly,paid,http://www.walesonline.co.uk/all-about/pontypridd,WalesOnline,Pontypridd & Llantrisant Observer,,,IPL
Potters Bar Times,Newsquest PLC,Redbridge,Legacy,weekly,paid,http://www.whtimes.co.uk/potters-bar,,Potters Bar Times,,,IPL
Retford Trader & Guardian,National World,Bassetlaw,Legacy,weekly,free,http://www.retfordtoday.co.uk/,WGUNews,Retford Trader & Guardian,,,IPL
Rhyl Prestatyn Abergele Journal,Newsquest PLC,Flintshire,Legacy,weekly,free,http://www.rhyljournal.co.uk/,rjournal,Rhyl Prestatyn Abergele Journal,,,IPL
Richmonshire Today,Presumed independent,Richmondshire,Independent,,,http://www.richmondshiretoday.co.uk,richmond_today,Richmonshire Today,,,IPL
Roman Road LDN,Presumed independent,Tower Hamlets,Independent,,,https://www.romanroadlondon.com,,Roman Road LDN,,,IPL
Romford & Havering Post,Newsquest PLC,Redbridge,Legacy,weekly,free,http://www.romfordrecorder.co.uk/home,romfordrecorder,Romford & Havering Post,,,IPL
Rotherham Record,Regional Media Ltd,Rotherham,Legacy,weekly,free,N/A,,Rotherham Record,,,IPL
Rugby Observer,Bullivant Media Ltd,Warwick,Legacy,weekly,free,http://www.therugbyobserver.co.uk/,RugbyObserver,Rugby Observer,,,IPL
Ruislip & Eastcote Gazette,Reach PLC,Guildford,Legacy,weekly,paid,http://www.getwestlondon.co.uk/all-about/ruislip,myldn,Ruislip & Eastcote Gazette,,,IPL
Rye Observer,National World,Hastings,Legacy,weekly,paid,http://www.ryeandbattleobserver.co.uk/,Sussex_World,Rye Observer,,,IPL
Scarborough News,National World,Scarborough,Legacy,weekly,paid,http://www.scarborougheveningnews.co.uk,TheScarboroNews,Scarborough News,,,IPL
Selby Times & Post,Chronicle Publications Limited,Selby,Legacy,weekly,paid,http://selbytimes.info/,,Selby Times & Post,,,IPL
Sentinel Advertiser,Reach PLC,Stoke-on-Trent,Legacy,weekly,free,http://www.stokesentinel.co.uk/,Sotlive,Sentinel Advertiser,,,IPL
Shepton Mallet Journal,Reach PLC,Mendip,Legacy,weekly,paid,http://www.sheptonmalletjournal.co.uk/,somersetlive,Shepton Mallet Journal,,,IPL
South Molton News,Presumed independent,North Devon,Independent,,,http://www.southmoltonnews.co.uk,,South Molton News,,,IPL
Star & Crescent,Presumed independent,Portsmouth,Independent,,,https://www.starandcrescent.org,,Star & Crescent,,,IPL
Stevenage Comet,Newsquest PLC,South Norfolk,Legacy,weekly,free,http://www.thecomet.net/news/stevenage,,Stevenage Comet,,,IPL
Sunday Mercury,Reach PLC,Birmingham,Legacy,weekly,paid,http://www.sundaymercury.net,birmingham_live,Sunday Mercury,,,IPL
Sutton Guardian,Newsquest PLC,Sutton,Legacy,weekly,free,http://www.suttonguardian.co.uk,localguardian,Sutton Guardian,,,IPL
Tamworth Herald,Reach PLC,Tamworth,Legacy,weekly,paid,http://www.tamworthherald.co.uk/,birmingham_live,Tamworth Herald,,,IPL
Teeside Northern Echo,Newsquest PLC,Darlington,Legacy,,,,,Teeside Northern Echo,,,IPL
The Angus County Press,Presumed independent,Angus,Independent,Weekly,,,,The Angus County Press,,,IPL
The Bexhill News,Presumed independent,Wealden; Rother,Independent,Monthly,,,,The Bexhill News,,,IPL
The Bridlington Echo,Presumed independent,East Riding of Yorkshire,Independent,,,https://bridlingtonecho.co.uk,intent,The Bridlington Echo,,,IPL
The Bristol Cable,Presumed independent,"Bristol, City of",Independent,,,https://thebristolcable.org,TheBristolCable,The Bristol Cable,,,IPL
The Chronicle ,Reach PLC,Cheshire West and Chester,Legacy,weekly,paid,http://www.crewechronicle.co.uk/,CheshireLive,The Chronicle,,,IPL
The Chronicle - Newcastle,Reach PLC,Newcastle upon Tyne,Legacy,daily,paid,http://www.chroniclelive.co.uk/,ChronicleLive,The Chronicle - Newcastle,,,IPL
The Docklands & East London Advertiser,Newsquest PLC,South Norfolk,Legacy,weekly,free,http://www.eastlondonadvertiser.co.uk/home,eladvertiser,The Docklands & East London Advertiser,,,IPL
The Echo ,Newsquest PLC,Basildon,Legacy,daily,paid,http://www.echo-news.co.uk/,Essex_Echo,The Echo,,,IPL
The Gloucester Citizen,Reach PLC,Gloucester,Legacy,,,,,The Gloucester Citizen,,,IPL
The Herald ,Newsquest PLC,Glasgow City,Legacy,,,,,The Herald,,,IPL
The Hunts Post ,Newsquest PLC,St Albans,Legacy,weekly,free,http://www.huntspost.co.uk/home,hertsad,The Hunts Post,,,IPL
The Impartial Reporter,Newsquest PLC,Fermanagh and Omagh,Legacy,weekly,paid,http://www.impartialreporter.com/,impartialrep,The Impartial Reporter,,,IPL
The Journal Northumberland,Presumed independent,Northumberland,Independent,Daily,,,,The Journal Northumberland,,,IPL
The Leader ,Newsquest PLC,Flintshire,Legacy,weekly,paid,http://www.leaderlive.co.uk/,leaderlive,The Leader,,,IPL
The Lincolnite,Presumed independent,Lincoln,Independent,,,https://thelincolnite.co.uk,thelincolnite,The Lincolnite,,,IPL
The Lochside Press,Presumed independent,City of Edinburgh,Independent,,,https://thelochsidepress.com,LochsidePress,The Lochside Press,,,IPL
The Meteor,Presumed independent,Manchester,Independent,,,https://www.themeteor.org,PplsAssemblyMcr,The Meteor,,,IPL
The Orcadian,Orkney Media Group,Orkney Islands,Legacy,weekly,paid,http://www.orcadian.co.uk,The_Orcadian,The Orcadian,,,IPL
The Peckham Peculiar,Presumed independent,Southwark,Independent,,,https://peckhampeculiar.tumblr.com,share,The Peckham Peculiar,,,IPL
The Post ,Presumed independent,Liverpool,Independent,,,,,The Post,,,IPL
The Press ,Newsquest PLC,York,Legacy,,,,,The Press,,,IPL
The Royal Borough Observer,Newsquest PLC,Reading,Legacy,weekly,paid,http://www.windsorobserver.co.uk/,windsorobserver,The Royal Borough Observer,,,IPL
The Scotsman,National World,City of Edinburgh,Legacy,,,http://www.scotsman.com,,The Scotsman,,,IPL
The Sentinel - Stoke,Reach PLC,Stoke-on-Trent,Legacy,daily,paid,http://www.stokesentinel.co.uk/,Sotlive,The Sentinel - Stoke,,,IPL
The Shuttle ,Newsquest PLC,Dudley,Legacy,,,,,The Shuttle,,,IPL
The Times of Tonbridge,One Media and Creative UK Ltd,Tonbridge and Malling,Legacy,weekly,free,https://www.timesoftunbridgewells.co.uk/,,The Times of Tonbridge,,,IPL
The Times of Tunbridge Wells,One Media and Creative UK Ltd,Tunbridge Wells,Legacy,weekly,free,https://www.timesoftunbridgewells.co.uk/,,The Times of Tunbridge Wells,,,IPL
Times & Star ,Newsquest PLC,Allerdale,Legacy,weekly,paid,http://www.timesandstar.co.uk/,timesandstar,Times & Star,,,IPL
Tiverton Gazette,Reach PLC,Mid Devon,Legacy,weekly,paid,/tag/tiverton-gazette/,devonlivenews,Tiverton Gazette,,,IPL
Tottenham Community Press,Presumed independent,Haringey,Independent,,,https://tottenhamcom,,Tottenham Community Press,,,IPL
Turriff & District Advertiser,Iliffe Media,Aberdeenshire,Legacy,weekly,paid,http://www.wpeters.co.uk/newspaper.html,,Turriff & District Advertiser,,,IPL
Warrington Midweek,Newsquest PLC,Warrington,Legacy,weekly,free,http://www.warringtonguardian.co.uk/,warringtonnews,Warrington Midweek,,,IPL
Wells Journal,Reach PLC,Mendip,Legacy,weekly,paid,http://www.wellsjournal.co.uk/,somersetlive,Wells Journal,,,IPL
Welwyn Hatfield Times,Newsquest PLC,Uttlesford,Legacy,weekly,paid,http://www.whtimes.co.uk/home,whtimes,Welwyn Hatfield Times,,,IPL
Wembley Observer,Reach PLC,Hillingdon,Legacy,weekly,free,http://www.getwestlondon.co.uk/all-about/harrow,myldn,Wembley Observer,,,IPL
West Bridgford Wire,Presumed independent,Rushcliffe,Independent,,,https://westbridgfordwire.com,westbridgfdwire,West Bridgford Wire,,,IPL
Western Morning News on Sunday,Reach PLC,Plymouth,Legacy,weekly,paid,http://www.westernmorningnews.co.uk/,bristollive,Western Morning News on Sunday,,,IPL
Wiltshire Gazette & Herald ,Newsquest PLC,Wiltshire,Legacy,weekly,paid,http://www.gazetteandherald.co.uk/,wiltsgazette,Wiltshire Gazette & Herald,,,IPL
Wimbledon Guardian,Newsquest PLC,Sutton,Legacy,weekly,free,http://www.wimbledonguardian.co.uk,wimbledonnews,Wimbledon Guardian,,,IPL
Windsor Advertiser,Baylis Media Ltd,Windsor and Maidenhead,Legacy,weekly,paid,http://www.windsorexpress.co.uk/Home/,,Windsor Advertiser,,,IPL
Winsford Guardian,Newsquest PLC,Cheshire West and Chester,Legacy,weekly,paid,http://www.winsfordguardian.co.uk,NorthwichNews,Winsford Guardian,,,IPL
Woking News and Mail,Woking News and Mail Ltd,Woking,Legacy,,,https://www.wokingnewsandmail.co.uk/,woking_newsmail,Woking News and Mail,,,IPL
"Wokingham, Crowthorne & Sandhurst News",Newsquest PLC,Reading,Legacy,weekly,paid,http://www.bracknellnews.co.uk/news/wokingham/,bracknellnews,"Wokingham, Crowthorne & Sandhurst News",,,IPL
Wokingham.Today,Presumed independent,Wokingham,Independent,,,https://www.wokinghampaper.co.uk,wokinghamtoday,Wokingham.Today,,,IPL
Woodley & Earley Chronicle,Newsquest PLC,Reading,Legacy,weekly,paid,http://www.readingchronicle.co.uk/,rdgchronicle,Woodley & Earley Chronicle,,,IPL
Wrexham.com,Presumed independent,Wrexham,Independent,,,http://www.wrexham.com,wrexham,Wrexham.com,,,IPL
Wymondham Mercury,Newsquest PLC,Welwyn Hatfield,Legacy,weekly,free,http://www.dissmercury.co.uk/home,derehamtimes,Wymondham Mercury,,,IPL
Yellow Advertiser ,Newshound Media Limited,Basildon,Legacy,,,,,Yellow Advertiser,,,IPL
You Local Voice,Presumed independent,Manchester,Independent,,,https://www.intouchwythenshawe.co.uk,intouchwyth,You Local Voice,,,IPL
Your Harlow,Presumed independent,Harlow,Independent,,,https://www.yourharlow.com,,Your Harlow,,,IPL
Aldershot News & Mail ,Reach PLC,Guildford,Legacy,weekly,paid,http://www.gethampshire.co.uk/,SurreyLive,Aldershot News & Mail,,,IPL as Aldershot News and Mail
Alloa & Hillfoots Advertiser Journal,Newsquest PLC,Clackmannanshire,Legacy,weekly,paid,http://www.alloaadvertiser.com/,alloatiser,Alloa & Hillfoots Advertiser Journal,,,IPL as Alloa & Hillfoots Advertiser
Annandale Herald & Moffat News,DNG Online Limited,Dumfries and Galloway,Legacy,weekly,paid,http://www.dng24.co.uk/,dng_24,Annandale Herald & Moffat News,,,IPL as Annandale Herald
Ardrossan Herald,Newsquest PLC,North Ayrshire,Legacy,weekly,paid,http://www.ardrossanherald.com/,ardrossanherald,Ardrossan Herald,,,IPL as Ardrossan and Saltcoats Herald
Armagh I,Presumed independent,"Armagh City, Banbridge and Craigavon",Independent,,,https://www.armaghi.com,armaghi,Armagh I,,,IPL as Armagh.I
Antrim & Ballymena Times,National World,Antrim and Newtownabbey,Legacy,,,,,Antrim & Ballymena Times,,,IPL as Ballymena and Antrim Times
Dromore Leader,National World,Lisburn and Castlereagh,Legacy,weekly,paid,http://www.dromoreleader.com,nirelandworld,Dromore Leader,,,IPL as Banbridge Leader
Barking & Dagenham Post,Newsquest PLC,Babergh,Legacy,weekly,paid,http://www.barkinganddagenhampost.co.uk/home,BDPost,Barking & Dagenham Post,,,IPL as Barking and Dagenham Post
Barry & District News,Newsquest PLC,Newport,Legacy,weekly,paid,http://www.barryanddistrictnews.co.uk/,,Barry & District News,,,IPL as Barry and District News
Batley & Birstall News,National World,Leeds,Legacy,weekly,paid,http://www.batleynews.co.uk/,DewsReporter,Batley & Birstall News,,,IPL as Batley and Birstall News
Beccles & Bungay Journal,Newsquest PLC,Babergh,Legacy,weekly,paid,www.becclesandbungayjournal.co.uk/home,BBJournal24,Beccles & Bungay Journal,,,IPL as Beccles and Bungay Journal
Bedford Borough Times & Citizen,National World,Bedford,Legacy,weekly,free,http://www.bedfordtoday.co.uk/,BedfordTC,Bedford Borough Times & Citizen,,,IPL as Bedford Times and Citizen
Belfast News,National World,Belfast,Legacy,weekly,free,http://www.newsletter.co.uk/,News_Letter,Belfast News,,,IPL as Belfast News Letter
Berrow's Worcester Journal,Newsquest PLC,Worcester,Legacy,weekly,free,http://www.worcesternews.co.uk/bj/intro/,worcesternews,Berrow's Worcester Journal,,,IPL as Berrowâ€™s Worcester Journal
Birmingham Mail,Reach PLC,Birmingham,Legacy,daily,paid,/tag/birmingham-mail/,birmingham_live,Birmingham Mail,,,IPL as Birmingham Live/Mail
Bridport News,Newsquest PLC,Dorset,Legacy,weekly,paid,/tag/bridport-news/,,Bridport News,,,IPL as Bridport and Lyme Regis News  
Brighton and Hove News,Presumed independent,Brighton and Hove,Independent,,,https://www.brightonandhovenews.org,bhcitynews,Brighton and Hove News,,,IPL as Brighton & Hove News
Bristol Post,Reach PLC,"Bristol, City of",Legacy,daily,paid,/tag/bristol-evening-post/,bristollive,Bristol Post,,,IPL as Bristol Post/Live
Brixton Blog/Bugle,Presumed independent,Lambeth,Independent,,,https://brixtonblog.com,BrixtonBlog,Brixton Blog/Bugle,,,IPL as Brixton Blog and Bugle
Caernarfon Herald,Reach PLC,Gwynedd,Legacy,weekly,paid,http://www.dailypost.co.uk/all-about/gwynedd,northwaleslive,Caernarfon Herald,,,IPL as Caernarfon and Denbigh Herald
Carrick Gazette & Girvan News,National World,South Ayrshire,Legacy,weekly,paid,http://www.carricktoday.co.uk/,TheScotsman,Carrick Gazette & Girvan News,,,IPL as Carrick Gazette
Central Fife Times & Advertiser,Newsquest PLC,Fife,Legacy,weekly,paid,http://www.centralfifetimes.com/,fifetimes,Central Fife Times & Advertiser,,,IPL as Central Fife Times  
Clacton Gazette,Newsquest PLC,Tendring,Legacy,weekly,paid,http://www.clactonandfrintongazette.co.uk/,,Clacton Gazette,,,IPL as Clacton and Frinton Gazette  
Courier & Advertiser ,DC Thomson & Company Limited,Dundee City,Legacy,daily,paid,http://www.thecourier.co.uk/,thecourieruk,Courier & Advertiser,,,IPL as Courier & Advertiser (Dundee)
Cumbernauld News,National World,North Lanarkshire,Legacy,weekly,paid,http://www.cumbernauldtoday.co.uk,GlasgowWorldUK,Cumbernauld News,,,IPL as Cumbernauld News and Kilsyth Chronicle
Cumnock Chronicle & Muirkirk Advertiser,Newsquest PLC,East Ayrshire,Legacy,weekly,paid,http://www.cumnockchronicle.com/,cumnockchron,Cumnock Chronicle & Muirkirk Advertiser,,,IPL as Cumnock Chronicle
Dartford & Swanley News Shopper,Newsquest PLC,Bromley,Legacy,weekly,free,http://www.newsshopper.co.uk/news/dartford_swanley/,newsshopper,Dartford & Swanley News Shopper,,,IPL as Dartford News Shopper Series
Deeside Piper and Herald,National World,Aberdeenshire,Legacy,weekly,paid,http://www.deesidepiper.co.uk/,TheScotsman,Deeside Piper and Herald,,,IPL as Deeside Piper
Derby Telegraph,Reach PLC,Derby,Legacy,daily,paid,/tag/derby-telegraph/,derbyshire_live,Derby Telegraph,,,IPL as Derby Evening Telegraph
Dorking Advertiser,Reach PLC,Reigate and Banstead,Legacy,weekly,paid,/tag/dorking-advertiser/,SurreyLive,Dorking Advertiser,,,IPL as Dorking and Leatherhead Advertiser
Dumbarton Vale of Leven Reporter,Newsquest PLC,West Dunbartonshire,Legacy,weekly,paid,http://www.dumbartonreporter.co.uk/,dumbartonreport,Dumbarton Vale of Leven Reporter,,,IPL as Dumbarton and Vale of Leven Reporter
East London Enquirer,Gateway Newspapers Ltd,Basildon,Legacy,weekly,free,http://www.theenquirer.co.uk/,,East London Enquirer,,,IPL as East End Enquirere
Eastbourne Gazette ,National World,Eastbourne,Legacy,weekly,paid,http://www.eastbourneherald.co.uk/,Sussex_World,Eastbourne Gazette,,,IPL as Eastbourne Herald and Gazette
Eastbourne Herald,National World,Eastbourne,Legacy,weekly,paid,http://www.eastbourneherald.co.uk,Sussex_World,Eastbourne Herald,,,IPL as Eastbourne Herald and Gazette
Eastwood Advertiser,National World,Erewash,Legacy,weekly,paid,http://www.eastwoodadvertiser.co.uk/,chadnews,Eastwood Advertiser,,,IPL as Eastwood and Kimberley Advertiser
Edgware & Mill Hill Press,Tindle Newspapers Ltd,Barnet,Legacy,weekly,free,http://www.edgware-today.co.uk/,basildonya,Edgware & Mill Hill Press,,,IPL as Edgware and Mill Hill Times
Edgware & Mill Hill Times,Newsquest PLC,Watford,Legacy,weekly,free,http://www.times-series.co.uk/news/,Times_Series,Edgware & Mill Hill Times,,,IPL as Edgware and Mill Hill Times
Ellesmere Port Standard,Newsquest PLC,Cheshire West and Chester,Legacy,weekly,free,http://www.ellesmereportstandard.co.uk,standardchester,Ellesmere Port Standard,,,"IPL as Ellesmere Port and Neston Standard, The"
Broadway Ham & High,Newsquest PLC,Camden,Legacy,weekly,paid,http://www.hamhighbroadway.co.uk/home,hackneygazette,Broadway Ham & High,,,IPL as Hampstead and Highgate Express
Burnham Standard,Newsquest PLC,Braintree,Legacy,weekly,paid,http://www.maldonandburnhamstandard.co.uk/,maldonstandard,Burnham Standard,,,IPL as Maldon and Burnham Standard  
Durham Advertiser,Newsquest PLC,County Durham,Legacy,weekly,free,http://www.durhamadvertiser.co.uk/,TheNorthernEcho,Durham Advertiser,,,IPL as North Durham Adv
Battle Observer,National World,Hastings,Legacy,weekly,paid,/tag/battle-observer/,Sussex_World,Battle Observer,,,IPL as Rye and Battle Observer
Gazette - Blackpool,National World,Fylde,Legacy,daily,paid,http://www.blackpoolgazette.co.uk/,the_gazette,Gazette - Blackpool,,,IPL Blackpool Gazette 
Frinton & Walton Gazette,Newsquest PLC,Tendring,Legacy,weekly,paid,http://www.clactonandfrintongazette.co.uk/,,Frinton & Walton Gazette,,,IPL Clacton and Frinton Gazette  
Evening Gazette ,Reach PLC,Middlesbrough,Legacy,daily,paid,http://www.gazettelive.co.uk/,TeessideLive,Evening Gazette,,,IPL Evening Gazette (Teesside)
Express and Echo,Reach PLC,Exeter,Legacy,weekly,paid,http://www.exeterexpressandecho.co.uk/,devonlivenews,Express and Echo,,,IPL Exeter Express and Echo
Express and Star ,Midland News Association,Wolverhampton,Legacy,daily,paid,http://www.expressandstar.com/,expressandstar,Express and Star,,,IPL Express and Star (Wolverhampton)
Folkestone & Hythe Express,Iliffe Media,Ashford,Legacy,weekly,paid,http://www.kentonline.co.uk/folkestone/,FHExpress,Folkestone & Hythe Express,,,IPL Folkestone and Hythe Express
Fulham Chronicle,Street Runners Ltd,Bromley,Legacy,weekly,free,http://www.londonweeklynews.co.uk/news/westminsterPimlico/,,Fulham Chronicle,,,IPL Fulham & Hammersmith Chronicle
Evening Times ,Newsquest PLC,Glasgow City,Legacy,daily,paid,http://www.eveningtimes.co.uk/,Glasgow_Times,Evening Times,,,IPL Glasgow Evening Times
MyDerry,Reach PLC,Belfast,Independent,,,,,MyDerry,,,Keep
MySuttonColdfield,Reach PLC,Dorset,Independent,,,,,MySuttonColdfield,,,Keep
MyTyrone,Reach PLC,Mid Ulster; Fermanagh and Omagh; Derry City and Strabane,Independent,,,,,MyTyrone,,,Keep
Gazette & Herald - Yorkshire,Newsquest PLC,York,Legacy,weekly,paid,http://www.gazetteherald.co.uk/,gazetteherald,Gazette & Herald - Yorkshire,,,Max to add
Glasgow West End Today,Presumed independent,Glasgow City,Independent,,,https://www.glasgowwestendtoday.scot,GlasgowWEToday,Glasgow West End Today,,,Max to add
Harrow Online,Presumed independent,Brent; Harrow,Independent,,,https://harrowonline.org,harrowonline,Harrow Online,,,Max to add
Hillingdon Herald,Presumed independent,Hillingdon,Independent,Monthly,,,,Hillingdon Herald,,,Max to add
Inverurie Advertiser,Iliffe Media,Aberdeenshire,Legacy,weekly,paid,http://www.wpeters.co.uk/newspaper.html,,Inverurie Advertiser,,,Max to add
Leicester Times,Presumed independent,Leicester,Independent,Weekly,,,,Leicester Times,,,Max to add
Liverpool Sunday Echo,Reach PLC,Liverpool,Legacy,weekly,paid,http://www.liverpoolecho.co.uk/,LivEchonews,Liverpool Sunday Echo,,,Max to add
Liverpool World,Presumed independent,Liverpool,Independent,,,,,Liverpool World,,,Max to add
London World,Presumed independent,City of London,Independent,,,,,London World,,,Max to add
Manchester World,Presumed independent,Manchester,Independent,,,,,Manchester World,,,Max to add
Newcastle World,Presumed independent,Newcastle upon Tyne,Independent,,,,,Newcastle World,,,Max to add
Norfolk Live,Presumed independent,Breckland; Broadland; South Norfolk,Independent,,,,,Norfolk Live,,,Max to add
North.Wales,Presumed independent,Gwynedd,Independent,,,https://north.wales,northdotwales,North.Wales,,,Max to add
Oxfordshire Live,Presumed independent,Oxford; Vale of White Horse,Independent,,,,,Oxfordshire Live,,,Max to add
Pershore Observer,Bullivant Media Ltd,Redditch,Legacy,,,,,Pershore Observer,,,Max to add
Reading Today,Presumed independent,Reading,Independent,Weekly,,https://rdg.today,rdgtoday,Reading Today,,,Max to add
Sheffield Tribune,Presumed independent,Sheffield,Independent,,,,,Sheffield Tribune,,,Max to add
Shirley Observer,Bullivant Media Ltd,Warwick,Legacy,weekly,free,http://solihullobserver.co.uk/,solihullobserve,Shirley Observer,,,Max to add
South Glos Post,Presumed independent,South Gloucestershire,Independent,,,http://www.southglospost.co.uk,SouthGlosPost,South Glos Post,,,Max to add
Stour & Avon Magazine,Reach PLC,Dorset,Legacy,,,,,Stour & Avon Magazine,,,Max to add
Suffolk Live,Presumed independent,Babergh; Braintree; West Suffolk,Independent,,,,,Suffolk Live,,,Max to add
Sunday Life,Independent News and Media Ltd,Belfast,Legacy,weekly,paid,/tag/sunday-life/,beltel,Sunday Life,,,Max to add
The Camberwell Clarion,Presumed independent,Southwark; Lewisham,Independent,Every two months,,,,The Camberwell Clarion,,,Max to add
The Cheltenham Post,Independent,Cheltenham,Legacy,,,,,The Cheltenham Post,,,Max to add
The Cornishman,Reach PLC,Cornwall,Legacy,weekly,paid,http://www.cornishman.co.uk,cornwalllive,The Cornishman,,,Max to add
The West Dorset Magazine,Presumed independent,Dorset,Independent,Fortnightly,,,,The West Dorset Magazine,,,Max to add
Thirsk Weekly News,GH Smith & Son Ltd,Hambleton,Legacy,weekly,paid,http://www.thirskweeklynews.com/,thirskweeklynew,Thirsk Weekly News,,,Max to add
Twyford Advertiser,Baylis Media Ltd,Windsor and Maidenhead,Legacy,weekly,paid,http://www.twyford-advertiser.co.uk/Home/,,Twyford Advertiser,,,Max to add
Western Mail Newport,Presumed independent,Cardiff,Independent,Daily,,,,Western Mail Newport,,,Max to add
Weston-Super-Mare Live,Presumed independent,North Somerset,Independent,,,,,Weston-Super-Mare Live,,,Max to add
Wiltshire Live,Presumed independent,Wiltshire; Swindon; West Berkshire,Independent,,,,,Wiltshire Live,,,Max to add
Asian Standard Bradford,Presumed independent,Bradford,Independent,Weekly,,,,Asian Standard Bradford,,,Max to add
Asian Standard Kirklees,Presumed independent,Leeds; Kirklees; Bradford,Independent,Weekly,,,,Asian Standard Kirklees,,,Max to add
Asian Standard Leeds,Presumed independent,Leeds,Independent,Weekly,,,,Asian Standard Leeds,,,Max to add
Asian Standard North-East,Presumed independent,Newcastle upon Tyne,Independent,Weekly,,,,Asian Standard North-East,,,Max to add
Barnsley Independent,Acredula Group,Barnsley,Legacy,weekly,free,http://www.barnsleyindependent.com/,,Barnsley Independent,,,Max to add
Bexley News Shopper,Newsquest PLC,Bromley,Legacy,weekly,free,http://www.newsshopper.co.uk/news/newsbexley/,newsshopper,Bexley News Shopper,,,Max to add
Birmingham World,Presumed independent,Birmingham,Independent,,,,,Birmingham World,,,Max to add
Bishop's Stortford Independent,Iliffe Media,East Hertfordshire,Legacy,,,,,Bishop's Stortford Independent,,,Max to add
Bromley News Shopper,Newsquest PLC,Bromley,Legacy,weekly,free,http://www.newsshopper.co.uk/news/bromnews/,newsshopper,Bromley News Shopper,,,Max to add
Aberdeen Now,Reach PLC,Glasgow City,Legacy,weekly,free,http://www.dailyrecord.co.uk/all-about/aberdeen,Daily_Record,Aberdeen Now,,,Part of Aberdeen Live?
Basingstoke Extra,Newsquest PLC,Basingstoke and Deane,Legacy,weekly,free,http://www.basingstokegazette.co.uk/,BasGazette,Basingstoke Extra,,,Part of Basingtoke Gazette?
North West Telegraph,Independent News and Media Ltd,Belfast,Legacy,daily,paid,http://www.belfasttelegraph.co.uk/,beltel,North West Telegraph,,,Part of Belfast Telegraph
Wimborne & Ferndown Advertiser,Newsquest PLC,"Bournemouth, Christchurch and Poole",Legacy,weekly,free,http://www.bournemouthecho.co.uk/advertiserseries/,Bournemouthecho,Wimborne & Ferndown Advertiser,,,Part of Bournemouth Echo
South Bucks Star,Newsquest PLC,Buckinghamshire,Legacy,weekly,free,http://www.thisisbuckinghamshire.co.uk/buckinghamshire/news/,bucksfreepress,South Bucks Star,,,Part of Bucks Free Press
Buckingham Advertiser,National World,Buckinghamshire,Legacy,weekly,paid,http://www.buckinghamonline.co.uk,bucks_herald,Buckingham Advertiser,,,Part of Bucks Herald
Weymouth & Dorchester Advertiser,Newsquest PLC,Dorset,Legacy,weekly,free,http://www.dorsetecho.co.uk/,Dorsetecho,Weymouth & Dorchester Advertiser,,,Part of Daily Echo
Holyhead & Anglesey Mail,Reach PLC,Gwynedd,Legacy,weekly,paid,http://www.icnorthwales.co.uk,northwaleslive,Holyhead & Anglesey Mail,,,Part of Daily Post
"Corwen, Bala & Llangollen Free Press",Newsquest PLC,Flintshire,Legacy,weekly,paid,http://www.denbighshirefreepress.co.uk/,DenbighshireFP,"Corwen, Bala & Llangollen Free Press",,,Part of Denbighshire Free Press
Attleborough Mercury,Newsquest PLC,Babergh,Legacy,weekly,free,http://www.dissmercury.co.uk/home,derehamtimes,Attleborough Mercury,,,Part of Diss Mercury?
Essex Enquirer,Gateway Newspapers Ltd,Basildon,Legacy,weekly,free,/tag/essex-enquirer/,,Essex Enquirer,,,Part of East End Enquirer
"Castle Point, Rayleigh & Rochford Standard",Newsquest PLC,Southend-on-Sea,Legacy,weekly,free,http://www.southendstandard.co.uk/,Essex_Echo,"Castle Point, Rayleigh & Rochford Standard",,,Part of Echo News
Epping Forest Independent,Newsquest PLC,Watford,Legacy,weekly,free,http://www.guardian-series.co.uk/news/efnews/,,Epping Forest Independent,,,Part of Epping Forest Guardian
Exmouth Herald,Newsquest PLC,Great Yarmouth,Legacy,weekly,free,http://www.exmouthherald.co.uk,exmouthjournal,Exmouth Herald,,,Part of Exmouth Journal?
West Cornwall Packet,Newsquest PLC,Cornwall,Legacy,weekly,free,http://www.falmouthpacket.co.uk/news/westcornwall/,ThePacket,West Cornwall Packet,,,Part of Falmouth Packet
Flintshire Standard,Newsquest PLC,Flintshire,Legacy,weekly,free,http://www.leaderlive.co.uk/,leaderlive,Flintshire Standard,,,Part of Flintshire Leader?
Cheltenham Live,Presumed independent,Cheltenham,Independent,,,,,Cheltenham Live,,,Part of Gloucestershire Live
Haslemere Messenger,Tindle Newspapers Ltd,East Hampshire,Legacy,weekly,free,http://www.haslemeremessenger.com,haslemereh,Haslemere Messenger,,,Part of Haslemere Herald
Wantage & Grove Herald,Newsquest PLC,Oxford,Legacy,weekly,paid,http://www.heraldseries.co.uk/news/hswantagenews/,,Wantage & Grove Herald,,,Part of Herald Series
Nairnshire Courier,Presumed independent,Highland,Independent,Weekly,,,,Nairnshire Courier,,,Part of Inverness Courier
Wilmslow Guardian,Newsquest PLC,Cheshire West and Chester,Legacy,weekly,paid,http://www.wilmslowguardian.co.uk/,KnutsfordNews,Wilmslow Guardian,,,Part of Knutsford Guardian
Longridge News & Ribble Valley Advertiser,National World,Preston,Legacy,weekly,paid,http://www.longridgenews.co.uk/,leponline,Longridge News & Ribble Valley Advertiser,,,Part of Lancashire Post
Morecambe Guardian,National World,Lancaster,Legacy,weekly,paid,http://www.lancasterguardian.co.uk/,guardiandigital,Morecambe Guardian,,,Part of Lancaster Guardian
Bentham Guardian,National World,Lancaster,Legacy,weekly,paid,http://www.lancasterguardian.co.uk/,guardiandigital,Bentham Guardian,,,Part of Lancaster Guardian?
Sale & Altrincham Advertiser,Reach PLC,Oldham,Legacy,weekly,free,http://www.manchestereveningnews.co.uk/all-about/trafford,MENNewsdesk,Sale & Altrincham Advertiser,,,Part of Manchester News?
South Manchester Report,Reach PLC,Oldham,Legacy,weekly,free,http://www.manchestereveningnews.co.uk/,MENNewsdesk,South Manchester Report,,,Part of Manchester News?
North Yorkshire Advertiser,Newsquest PLC,Darlington,Legacy,weekly,free,http://www.northyorkshireadvertiser.co.uk/,TheNorthernEcho,North Yorkshire Advertiser,,,Part of Northern Echo
North Star,Iliffe Media,Highland,Legacy,weekly,paid,http://www.north-star-news.co.uk,Rossnews,North Star,,,Part of Rosshire Journal
Salisbury Advertiser,Newsquest PLC,Wiltshire,Legacy,weekly,free,http://www.salisburyjournal.co.uk/,journalupdate,Salisbury Advertiser,,,Part of Salisbury Journal
Ottery Herald,Newsquest PLC,Redbridge,Legacy,weekly,paid,http://www.sidmouthherald.co.uk/home,sidmouthherald,Ottery Herald,,,Part of Sidmouth Herald?
Woolwich Mercury,Tindle Newspapers Ltd,Lambeth,Legacy,weekly,paid,http://www.mercury-today.co.uk/,,Woolwich Mercury,,,Part of South London Press
Weekly Argus ,Newsquest PLC,Newport,Legacy,,,,,Weekly Argus,,,Part of South Wales Argus
Seaham & Houghton Star,National World,Sunderland,Legacy,weekly,paid,http://www.seahamstar.co.uk/,SunderlandEcho,Seaham & Houghton Star,,,Part of Sunderland Echo
Swindon Star,Newsquest PLC,Swindon,Legacy,weekly,free,http://www.thisiswiltshire.co.uk,swindonadver,Swindon Star,,,Part of Swindon Advertiser
Darlington Live,Presumed independent,Darlington; County Durham,Independent,,,,,Darlington Live,,,Part of Teeside
Letchworth & Baldock Comet,Newsquest PLC,Norwich,Legacy,weekly,free,http://www.thecomet.net/news/letchworth-baldock,,Letchworth & Baldock Comet,,,Part of The Comet
Bo'ness Journal,National World,Falkirk,Legacy,weekly,paid,http://www.linlithgowgazette.co.uk/,falkirk_herald,Bo'ness Journal,,,Part of the Falkirk Herald now?
Haringey Independent,Newsquest PLC,Watford,Legacy,weekly,free,http://www.independent-series.co.uk/,,Haringey Independent,,,Part of Tottenham Independent 
Uttoxeter Advertiser,Reach PLC,East Staffordshire,Legacy,weekly,paid,http://www.uttoxeteradvertiser.co.uk,derbyshire_live,Uttoxeter Advertiser,,,Part of Uttoxeter Post and Times
The Watford Free,Newsquest PLC,Watford,Legacy,weekly,free,http://www.watfordobserver.co.uk/,Observer_Owl,The Watford Free,,,Part of Watford Observer
West Cumbrian Gazette,Newsquest PLC,Carlisle,Legacy,weekly,free,/tag/west-cumbrian-gazette/,,West Cumbrian Gazette,,,Part of Westmoorland Gazette?
North Somerset Mercury,Reach PLC,"Bristol, City of",Legacy,online,free,http://www.northsomersetmercury.co.uk/,somersetlive,North Somerset Mercury,,,Part of Weston Mercury
Mitcham & Morden Guardian,Newsquest PLC,Sutton,Legacy,weekly,free,http://www.wimbledonguardian.co.uk/,wimbledonnews,Mitcham & Morden Guardian,,,Part of Wimbledon Times
Petersfield Herald,Tindle Newspapers Ltd,East Hampshire,Legacy,weekly,paid,http://www.petersfield-herald-today.co.uk/IT/smalltopframe.cfm,,Petersfield Herald,,,Petersfield Post
Filton Journal,Presumed independent,South Gloucestershire,Independent,,,http://www.filtonjournal.co.uk,FiltonJournal,Filton Journal,,,Publish regularly enough?
Aberdeen Live,Presumed independent,Aberdeen City,Independent,,,,,Aberdeen Live,,,Reach? 
BedfordshireLive,Presumed independent,Bedford; Huntingdonshire; Central Bedfordshire,Independent,,,,,BedfordshireLive,,,Reach? 
Patchway Journal,Presumed independent,"Bristol, City of; South Gloucestershire",Independent,,,http://www.patchwayjournal.co.uk,PatchwayJournal,Patchway Journal,,,Regular enough
Prescot & Knowsley Reporter,National World,Wigan,Legacy,weekly,free,http://www.sthelensreporter.co.uk/,_LiverpoolWorld,Prescot & Knowsley Reporter,,,Simona remove
Orpington News,Tindle Newspapers Ltd,Sevenoaks,Legacy,weekly,free,http://www.orpington-today.co.uk/,,Orpington News,,,Simona remove
Oxfordshire Star,Newsquest PLC,Oxford,Legacy,weekly,free,,,Oxfordshire Star,,,Simona remove
PeterboroughLive,Presumed independent,Peterborough,Independent,,,,,PeterboroughLive,,,Simona remove
Plumstead Mercury,Tindle Newspapers Ltd,Lambeth,Legacy,weekly,paid,http://www.mercury-today.co.uk/,,Plumstead Mercury,,,Simona remove
Poole Herald,Newsquest PLC,"Bournemouth, Christchurch and Poole",Legacy,,,,,Poole Herald,,,Simona remove
Potters Bar Press,Tindle Newspapers Ltd,Barnet,Legacy,weekly,free,http://www.barnet-today.co.uk/index.cfm,basildonya,Potters Bar Press,,,Simona remove
Royal Sutton Coldfield Observer,Presumed independent,Dorset,Independent,Weekly,,,,Royal Sutton Coldfield Observer,,,Simona remove
Salford City News;,Newsquest PLC,Salford,Legacy,,,,,Salford City News;,,,Simona remove
South Coast Leader,Newsquest PLC,Brighton and Hove,Legacy,,,,,South Coast Leader,,,Simona remove
Southampton News Extra,Newsquest PLC,Southampton,Legacy,weekly,free,http://www.dailyecho.co.uk/,dailyecho,Southampton News Extra,,,Simona remove
Steyning Herald,National World,Worthing,Legacy,weekly,paid,http://www.shorehamherald.co.uk/,Sussex_World,Steyning Herald,,,Simona remove
Stretford & Urmston Advertiser,Reach PLC,Oldham,Legacy,weekly,free,http://www.manchestereveningnews.co.uk/all-about/trafford,MENNewsdesk,Stretford & Urmston Advertiser,,,Simona remove
Stretford & Urmston Messenger,Newsquest PLC,Trafford,Legacy,weekly,free,http://www.thisistrafford.co.uk/trafford/stretford__urmston/news,MessengerNews_,Stretford & Urmston Messenger,,,Simona remove
The Chronicle South Tyneside and Durham,Presumed independent,Newcastle upon Tyne,Independent,Daily,,,,The Chronicle South Tyneside and Durham,,,Simona remove
The Press - Dewsbury,The Press News Limited,Kirklees,Legacy,weekly,free,http://www.thepressnews.co.uk/contact-us/,ThePressLatest,The Press - Dewsbury,,,Simona remove
The Trader,Iliffe Media,Newark and Sherwood,Legacy,weekly,free,http://newarkadvertiser.co.uk/,advertisergroup,The Trader,,,Simona remove
The Visitor ,National World,Lancaster,Legacy,weekly,paid,http://www.thevisitor.co.uk/,guardiandigital,The Visitor,,,Simona remove
Winchester News Extra,Newsquest PLC,Winchester,Legacy,weekly,free,http://www.hampshirechronicle.co.uk/,hantschronicle,Winchester News Extra,,,Simona remove
Abbey Wood & Thamesmead Mercury,Tindle Newspapers Ltd,Lambeth,Legacy,weekly,paid,http://www.mercury-today.co.uk/,,Abbey Wood & Thamesmead Mercury,,,Simona remove
Aberdeen Citizen,DC Thomson & Company Limited,Aberdeen City,Legacy,weekly,free,http://www.aberdeencitizen.co.uk/,pressjournal,Aberdeen Citizen,,,Simona remove
Bingham Advertiser,Iliffe Media,Newark and Sherwood,Legacy,weekly,paid,http://newarkadvertiser.co.uk/,advertisergroup,Bingham Advertiser,,,Simona remove
Bishopbriggs Herald,National World,East Dunbartonshire,Legacy,weekly,paid,http://www.kirkintilloch-herald.co.uk/,GlasgowWorldUK,Bishopbriggs Herald,,,Simona remove
"Brentford, Isleworth & Chiswick Chronicle",Reach PLC,Guildford,Legacy,weekly,free,http://www.getwestlondon.co.uk/all-about/feltham,myldn,"Brentford, Isleworth & Chiswick Chronicle",,,Simona remove
Cambridge News,Reach PLC,South Cambridgeshire,Legacy,daily,paid,/tag/cambridge-news/,CambsLive,Cambridge News,,,Simona remove
Chelsea News,Street Runners Ltd,Bromley,Legacy,weekly,free,http://www.londonweeklynews.co.uk/news/westminsterPimlico/,,Chelsea News,,,Simona remove
Christchurch Advertiser,Newsquest PLC,"Bournemouth, Christchurch and Poole",Legacy,weekly,free,http://www.bournemouthecho.co.uk/advertiserseries/,Bournemouthecho,Christchurch Advertiser,,,Simona remove
Crewkerne Weekender,Tindle Newspapers Ltd,Dorset,Legacy,weekly,free,http://www.viewfrompublishing.co.uk/news/1/16,,Crewkerne Weekender,,,Simona remove
Derby News,Presumed independent,Derby,Independent,,,https://derbynews.org,,Derby News,,,Simona remove
East Cleveland Herald & Post,Reach PLC,Middlesbrough,Legacy,weekly,free,http://www.gazettelive.co.uk/herald-and-post-east-cleveland/,,East Cleveland Herald & Post,,,Simona remove
East Cumbrian Gazette,Newsquest PLC,Carlisle,Legacy,weekly,free,/tag/east-cumbrian-gazette/,,East Cumbrian Gazette,,,Simona remove
East Riding Mail,Reach PLC,"Kingston upon Hull, City of",Legacy,daily,paid,http://www.hulldailymail.co.uk/,HullLive,East Riding Mail,,,Simona remove
Edinburgh Now,Reach PLC,Glasgow City,Legacy,weekly,free,www.dailyrecord.co.uk/,Daily_Record,Edinburgh Now,,,Simona remove
Feltham Chronicle,Reach PLC,Guildford,Legacy,weekly,paid,http://www.getwestlondon.co.uk/all-about/feltham,myldn,Feltham Chronicle,,,Simona remove
Gloucestershire Independent,Newsquest PLC,Cotswold,Legacy,weekly,free,http://www.wiltsglosstandard.co.uk/,WiltsAndGlosStd,Gloucestershire Independent,,,Simona remove
Hayes & Harlington Gazette,Reach PLC,Guildford,Legacy,weekly,paid,http://www.getwestlondon.co.uk/all-about/hayes,myldn,Hayes & Harlington Gazette,,,Simona remove
Herald Express ,Reach PLC,Torbay,Legacy,weekly,paid,http://www.torquayheraldexpress.co.uk/,devonlivenews,Herald Express,,,Simona remove
Ilminster Weekender,Tindle Newspapers Ltd,Dorset,Legacy,weekly,free,http://www.viewfrompublishing.co.uk/news/1/18,,Ilminster Weekender,,,Simona remove
Limavady Chronicle,Alpha Newspaper Group,Causeway Coast and Glens,Legacy,weekly,paid,http://www.ulsternet-ni.co.uk,Limavady_Con,Limavady Chronicle,,,Simona remove
London Weekly News,Street Runners Ltd,Bromley,Legacy,weekly,free,http://www.londonweeklynews.co.uk/news/westminsterPimlico/,,London Weekly News,,,Simona remove
Mercury Extra,Reach PLC,Leicester,Legacy,weekly,free,http://www.leicestermercury.co.uk/,leicslive,Mercury Extra,,,Simona remove
Mid Sussex Weekend Herald,National World,Mid Sussex,Legacy,weekly,free,http://www.midsussextimes.co.uk/,Sussex_World,Mid Sussex Weekend Herald,,,Simona remove
Midweek Mercury ,Iliffe Media,East Hertfordshire,Legacy,weekly,free,http://www.hertfordshiremercury.co.uk/buntingford-and-royston,HertsMercury,Midweek Mercury,,,Simona remove
MyFermanagh,Reach PLC,Belfast,Independent,,,,,MyFermanagh,,,Simona remove
MyWirral,Reach PLC,Liverpool,Independent,,,,,MyWirral,,,Simona remove
Bolton Journal,Newsquest PLC,Bolton,Legacy,weekly,free,http://www.theboltonnews.co.uk/,TheBoltonNews,Bolton Journal,,,Simona remove
Bracknell & Wokingham Midweek,Newsquest PLC,Reading,Legacy,weekly,free,http://www.bracknellnews.co.uk/news/wokingham/,bracknellnews,Bracknell & Wokingham Midweek,,,Simona remove
Deeside.com,Presumed independent,Flintshire,Independent,,,http://www.deeside.com,deesidedotcom,Deeside.com,,,Simona remove
Blythe & Forsbrook Times,Cheadle and Tean Times Ltd,Stoke-on-Trent,Legacy,weekly,paid,http://www.timesechoandlife.co.uk/,timesandecho,Blythe & Forsbrook Times,,,Simona remove
"Nub News, The Mumbles",Presumed independent,Swansea,Independent,,,,,"Nub News, The Mumbles",,,Simona remove
Weardale Community News,Independent,County Durham,Legacy,,,,,Weardale Community News,,,Simona remove
Bournemouth Herald,Newsquest PLC,"Bournemouth, Christchurch and Poole",Legacy,,,,,Bournemouth Herald,,,Simona remove
Ascot News,Newsquest PLC,Reading,Legacy,weekly,paid,http://www.bracknellnews.co.uk/ascot/,,Ascot News,,,Simona remove
Bromsgrove Observer,Bullivant Media Ltd,Warwick,Legacy,,,,,Bromsgrove Observer,,,Simona remove
Chelmsford Weekly News,Newsquest PLC,Thurrock,Legacy,weekly,free,http://www.chelmsfordweeklynews.co.uk,ChelmsfordTimes,Chelmsford Weekly News,,,Simona remove
Eastleigh Times,Newsquest PLC,Winchester,Legacy,,,,,Eastleigh Times,,,Simona remove
Catford Mercury ,Tindle Newspapers Ltd,Lambeth,Legacy,,,,,Catford Mercury,,,Simona remove
Barnet & Potters Bar Press,Tindle Newspapers Ltd,Barnet,Legacy,weekly,free,http://www.barnet-today.co.uk/index.cfm,basildonya,Barnet & Potters Bar Press,,,Simona remove
Barnet & Whetstone Press,Tindle Newspapers Ltd,Barnet,Legacy,weekly,free,http://www.barnet-today.co.uk/,basildonya,Barnet & Whetstone Press,,,Simona remove
Brentwood Yellow Advertiser,Tindle Newspapers Ltd,Southend-on-Sea,Legacy,weekly,free,http://www.brentwood-today.co.uk/,,Brentwood Yellow Advertiser,,,Simona remove
Teignmouth News,Tindle Newspapers Ltd,Teignbridge,Legacy,weekly,free,http://www.dawlishnewspapers.co.uk/,dawlishgaz,Teignmouth News,,,Teignmouth Post
Bubblewrap,Presumed independent,Enfield,Independent,,,,,Bubblewrap,,,Twitter site
Chronicle Xtra - Chester,Reach PLC,Cheshire West and Chester,Legacy,weekly,free,http://www.chesterchronicle.co.uk/,CheshireLive,Chronicle Xtra - Chester,,,
Chronicle Xtra - South Cheshire,Reach PLC,Cheshire West and Chester,Legacy,weekly,free,http://www.crewechronicle.co.uk/,CheshireLive,Chronicle Xtra - South Cheshire,,,
Durham Times,Newsquest PLC,Darlington,Legacy,weekly,paid,/tag/durham-times/,TheNorthernEcho,Durham Times,,,
Hold the Front Page,Presumed independent,Derby,Independent,,,https://www.holdthefrontpage.co.uk,journalism_news,Hold the Front Page,,,
KM Extra ,Iliffe Media,Ashford,Legacy,weekly,free,http://www.kentonline.co.uk/ashford/,KentishExpress,KM Extra,,,
North Yorkshire News,National World,Harrogate,Legacy,weekly,free,http://www.northyorkshirenews.com/,HgateAdvertiser,North Yorkshire News,,,
Pulman's View from Axminster,Captial Media/Tindle,Dorset,Legacy,weekly,free,http://www.axminster-today.co.uk/,,Pulman's View from Axminster,,,
Pulman's View from Colyton,Captial Media/Tindle,Dorset,Legacy,weekly,free,http://www.colyton-today.co.uk/,,Pulman's View from Colyton,,,
Pulman's View from Honiton,Captial Media/Tindle,Dorset,Legacy,weekly,free,http://www.honiton-today.co.uk/,,Pulman's View from Honiton,,,
Pulman's View from Ottery St Mary,Captial Media/Tindle,Dorset,Legacy,weekly,free,http://www.otterystmary-today.co.uk/,,Pulman's View from Ottery St Mary,,,
Pulman's View from Seaton & Beer,Captial Media/Tindle,Dorset,Legacy,weekly,free,http://www.seaton-today.co.uk/,,Pulman's View from Seaton & Beer,,,
VIEW/digital,Presumed independent,Belfast,Independent,,,http://viewdigital.org,VIEWdigital,VIEW/digital,,,
Y Cymro,Cyfryngau Cymru Cyf,Gwynedd,Legacy,weekly,paid,http://www.y-cymro.com/,cambriannews,Y Cymro,,,